user_name,screen_distance,target_x,target_y,left_x,left_y,right_x,right_y,real_pupil_distance,pupil_distance
hande,30,100,100,756,660,1118,672,60,362.1988404
hande,30,530,100,721,667,1083,681,60,362.2706171
hande,30,960,100,727,670,1089,682,60,362.1988404
hande,30,1390,100,742,667,1101,680,60,359.2352989
hande,30,1820,100,768,676,1126,689,60,358.2359558
hande,30,100,540,771,679,1131,691,60,360.1999445
hande,30,530,540,707,693,1060,705,60,353.2039071
hande,30,960,540,718,696,1076,707,60,358.1689545
hande,30,1390,540,743,701,1103,714,60,360.2346458
hande,30,1820,540,754,700,1115,714,60,361.2713662
hande,30,100,980,767,700,1126,713,60,359.2352989
hande,30,530,980,721,709,1080,724,60,359.3132338
hande,30,960,980,743,708,1097,724,60,354.3613974
hande,30,1390,980,754,714,1111,731,60,357.4045327
hande,30,1820,980,778,714,1136,733,60,358.5038354
hande,30,100,100,759,709,1108,727,60,349.4638751
hande,30,530,100,734,695,1095,711,60,361.3543967
hande,30,960,100,754,692,1111,709,60,357.4045327
hande,30,1390,100,776,691,1137,710,60,361.4996542
hande,30,1820,100,795,693,1158,712,60,363.4969051
hande,30,100,540,811,696,1170,712,60,359.3563691
hande,30,530,540,758,704,1115,723,60,357.5052447
hande,30,960,540,781,704,1143,724,60,362.5520652
hande,30,1390,540,791,709,1151,728,60,360.5010402
hande,30,1820,540,802,709,1162,728,60,360.5010402
hande,30,100,980,817,709,1175,725,60,358.3573635
hande,30,530,980,759,718,1122,738,60,363.5505467
hande,30,960,980,771,722,1130,739,60,359.4022816
hande,30,1390,980,783,721,1142,738,60,359.4022816
hande,30,1820,980,792,721,1150,738,60,358.403404
hande,30,100,100,705,632,1076,659,60,371.9811823
hande,30,530,100,691,632,1060,659,60,369.9864862
hande,30,960,100,702,634,1073,660,60,371.9099353
hande,30,1390,100,718,629,1093,656,60,375.9707435
hande,30,1820,100,734,630,1110,657,60,376.9681684
hande,30,100,540,740,632,1118,657,60,378.8258175
hande,30,530,540,686,638,1061,666,60,376.0438804
hande,30,960,540,702,641,1076,670,60,375.1226466
hande,30,1390,540,717,640,1093,669,60,377.1166928
hande,30,1820,540,732,640,1108,669,60,377.1166928
hande,30,100,980,752,640,1128,670,60,377.1949098
hande,30,530,980,689,651,1064,677,60,375.9002527
hande,30,960,980,696,652,1073,680,60,378.0383578
hande,30,1390,980,709,654,1086,681,60,377.9656069
hande,30,1820,980,722,654,1098,683,60,377.1166928
hande,30,100,100,735,621,1084,639,60,349.4638751
hande,30,530,100,719,617,1066,633,60,347.3686802
hande,30,960,100,722,620,1070,637,60,348.4149825
hande,30,1390,100,742,617,1089,634,60,347.4161769
hande,30,1820,100,754,616,1105,634,60,351.4612354
hande,30,100,540,762,615,1113,633,60,351.4612354
hande,30,530,540,706,625,1051,640,60,345.325933
hande,30,960,540,713,626,1062,642,60,349.3665697
hande,30,1390,540,735,626,1084,643,60,349.4137948
hande,30,1820,540,756,624,1102,642,60,346.4678917
hande,30,100,980,759,624,1110,642,60,351.4612354
hande,30,530,980,702,618,1051,634,60,349.3665697
hande,30,960,980,723,624,1072,640,60,349.3665697
hande,30,1390,980,745,625,1097,644,60,352.5124111
hande,30,1820,980,760,626,1109,646,60,349.5725962
hande,30,100,100,736,622,1090,639,60,354.407957
hande,30,530,100,722,619,1075,636,60,353.4091114
hande,30,960,100,733,619,1088,638,60,355.5080871
hande,30,1390,100,755,621,1112,641,60,357.5597852
hande,30,1820,100,769,620,1127,639,60,358.5038354
hande,30,100,540,784,621,1138,639,60,354.4573317
hande,30,530,540,716,632,1073,647,60,357.3149871
hande,30,960,540,733,632,1089,648,60,356.3593692
hande,30,1390,540,748,632,1108,650,60,360.4497191
hande,30,1820,540,763,634,1119,651,60,356.4056677
hande,30,100,980,773,635,1127,653,60,354.4573317
hande,30,530,980,716,645,1074,661,60,358.3573635
hande,30,960,980,729,646,1085,661,60,356.3158711
hande,30,1390,980,739,645,1094,661,60,355.3603805
hande,30,1820,980,755,643,1112,661,60,357.4534935
hande,30,100,100,748,638,1111,658,60,363.5505467
hande,30,530,100,715,627,1077,645,60,362.4472375
hande,30,960,100,739,625,1100,645,60,361.5535922
hande,30,1390,100,754,624,1118,646,60,364.6642291
hande,30,1820,100,761,624,1126,646,60,365.6624126
hande,30,100,540,774,626,1136,645,60,362.4982759
hande,30,530,540,708,638,1071,655,60,363.3978536
hande,30,960,540,724,638,1087,656,60,363.446007
hande,30,1390,540,739,638,1104,658,60,365.5475345
hande,30,1820,540,753,639,1116,658,60,363.4969051
hande,30,100,980,767,639,1131,658,60,364.4955418
hande,30,530,980,716,650,1082,668,60,366.4423556
hande,30,960,980,734,649,1099,668,60,365.494186
hande,30,1390,980,746,647,1108,667,60,362.5520652
hande,30,1820,980,758,646,1123,667,60,365.6036105
hande,30,100,100,716,634,1083,655,60,367.6003264
hande,30,530,100,704,632,1070,654,60,366.660606
hande,30,960,100,715,632,1082,652,60,367.5445551
hande,30,1390,100,734,631,1103,653,60,369.6552448
hande,30,1820,100,749,631,1118,652,60,369.5970779
hande,30,100,540,762,633,1128,652,60,366.4928376
hande,30,530,540,706,641,1075,660,60,369.4888361
hande,30,960,540,717,642,1085,663,60,368.5986978
hande,30,1390,540,734,642,1102,663,60,368.5986978
hande,30,1820,540,745,643,1112,663,60,367.5445551
hande,30,100,980,762,643,1129,663,60,367.5445551
hande,30,530,980,708,654,1077,673,60,369.4888361
hande,30,960,980,723,655,1090,673,60,367.4411518
hande,30,1390,980,737,651,1107,672,60,370.5954668
hande,30,1820,980,755,653,1122,674,60,367.6003264
hande,30,100,100,764,650,1129,671,60,365.6036105
hande,30,530,100,732,639,1098,660,60,366.601964
hande,30,960,100,747,640,1116,663,60,369.7161073
hande,30,1390,100,762,641,1134,663,60,372.6499698
hande,30,1820,100,781,641,1154,664,60,373.7084425
hande,30,100,540,795,640,1163,663,60,368.7180495
hande,30,530,540,734,650,1106,672,60,372.6499698
hande,30,960,540,743,649,1112,672,60,369.7161073
hande,30,1390,540,760,649,1130,672,60,370.7141756
hande,30,1820,540,782,650,1147,671,60,365.6036105
hande,30,100,980,781,651,1151,674,60,370.7141756
hande,30,530,980,731,658,1100,680,60,369.6552448
hande,30,960,980,741,658,1108,679,60,367.6003264
hande,30,1390,980,757,659,1127,681,60,370.653477
hande,30,1820,980,770,659,1141,681,60,371.6517187
hande,30,100,100,747,651,1119,674,60,372.7103433
hande,30,530,100,725,644,1096,667,60,371.7122543
hande,30,960,100,745,647,1118,669,60,373.6482303
hande,30,1390,100,762,646,1137,668,60,375.644779
hande,30,1820,100,778,645,1152,669,60,374.7692623
hande,30,100,540,790,647,1165,670,60,375.7046713
hande,30,530,540,728,656,1103,679,60,375.7046713
hande,30,960,540,742,658,1116,680,60,374.6465001
hande,30,1390,540,758,657,1133,682,60,375.8324095
hande,30,1820,540,775,657,1151,680,60,376.7028006
hande,30,100,980,789,658,1161,681,60,372.7103433
hande,30,530,980,732,666,1106,689,60,374.7065519
hande,30,960,980,746,666,1119,688,60,373.6482303
hande,30,1390,980,758,663,1132,685,60,374.6465001
hande,30,1820,980,769,666,1144,688,60,375.644779
hande,30,100,100,717,645,1090,665,60,373.5358082
hande,30,530,100,702,643,1076,664,60,374.5891082
hande,30,960,100,713,645,1090,666,60,377.5844276
hande,30,1390,100,726,646,1106,668,60,380.6363094
hande,30,1820,100,744,648,1125,668,60,381.5245733
hande,30,100,540,754,648,1135,668,60,381.5245733
hande,30,530,540,688,661,1065,680,60,377.4784762
hande,30,960,540,702,659,1083,681,60,381.634642
hande,30,1390,540,725,660,1105,681,60,380.5798208
hande,30,1820,540,731,662,1114,682,60,383.5218377
hande,30,100,980,750,662,1128,681,60,378.477212
hande,30,530,980,704,671,1085,689,60,381.4249599
hande,30,960,980,707,673,1087,692,60,380.4747035
hande,30,1390,980,723,670,1099,691,60,376.5859796
hande,30,1820,980,734,668,1114,690,60,380.6363094
hande,30,100,100,308,585,647,601,60,339.3773711
hande,30,530,100,289,578,629,594,60,340.3762624
hande,30,960,100,311,576,654,593,60,343.4210244
hande,30,1390,100,322,574,668,589,60,346.3249919
hande,30,1820,100,310,574,654,591,60,344.419802
hande,30,100,540,313,576,656,591,60,343.3278317
hande,30,530,540,271,586,613,599,60,342.2469868
hande,30,960,540,275,585,619,600,60,344.3268796
hande,30,1390,540,275,584,621,599,60,346.3249919
hande,30,1820,540,279,584,622,597,60,343.2462673
hande,30,100,980,283,586,632,598,60,349.2062428
hande,30,530,980,243,594,583,604,60,340.147027
hande,30,960,980,256,592,602,603,60,346.1748113
hande,30,1390,980,259,591,604,603,60,345.2086326
hande,30,1820,980,259,591,602,603,60,343.2098483
hande,30,100,100,230,583,576,594,60,346.1748113
hande,30,530,100,199,586,552,598,60,353.2039071
hande,30,960,100,217,586,576,597,60,359.1684841
hande,30,1390,100,229,586,591,598,60,362.1988404
hande,30,1820,100,239,587,605,601,60,366.2676617
hande,30,100,540,231,601,566,616,60,335.3356527
hande,30,530,540,203,598,562,609,60,359.1684841
hande,30,960,540,213,596,577,609,60,364.2320689
hande,30,1390,540,224,598,587,609,60,363.1666284
hande,30,1820,540,231,596,598,611,60,367.3064116
hande,30,100,980,241,598,610,610,60,369.1950704
hande,30,530,980,191,610,551,619,60,360.1124824
hande,30,960,980,199,610,565,621,60,366.1652632
hande,30,1390,980,207,613,576,623,60,369.1354765
hande,30,1820,980,219,613,591,626,60,372.2270812
hande,30,100,100,187,602,562,616,60,375.2612423
hande,30,530,100,183,598,557,612,60,374.2619404
hande,30,960,100,211,594,582,611,60,371.3892836
hande,30,1390,100,246,591,618,609,60,372.4352293
hande,30,1820,100,261,589,631,608,60,370.4875167
hande,30,100,540,275,589,646,609,60,371.5386925
hande,30,530,540,211,602,577,617,60,366.3072481
hande,30,960,540,223,597,593,613,60,370.3457844
hande,30,1390,540,238,596,609,614,60,371.436401
hande,30,1820,540,250,596,621,615,60,371.4862043
hande,30,100,980,259,597,632,616,60,373.4836007
hande,30,530,980,215,608,581,623,60,366.3072481
hande,30,960,980,227,605,595,622,60,368.3924538
hande,30,1390,980,239,605,607,622,60,368.3924538
hande,30,1820,980,249,606,621,625,60,372.484899
hande,30,100,100,111,402,499,420,60,388.4173014
hande,30,530,100,98,396,481,412,60,383.334058
hande,30,960,100,119,395,505,409,60,386.2538026
hande,30,1390,100,126,393,518,406,60,392.215502
hande,30,1820,100,146,393,533,405,60,387.1860018
hande,30,100,540,149,384,539,395,60,390.1550974
hande,30,530,540,97,398,484,411,60,387.2182847
hande,30,960,540,130,395,518,409,60,388.2524952
hande,30,1390,540,132,396,522,410,60,390.2512012
hande,30,1820,540,154,393,541,408,60,387.2905886
hande,30,100,980,160,396,548,408,60,388.1855227
hande,30,530,980,110,407,500,420,60,390.2166065
hande,30,960,980,124,406,514,422,60,390.3280671
hande,30,1390,980,136,407,526,422,60,390.2883549
hande,30,1820,980,147,407,539,424,60,392.3684493
hande,30,100,100,149,428,504,437,60,355.1140662
hande,30,530,100,118,393,513,413,60,395.506005
hande,30,960,100,160,388,558,411,60,398.6640189
hande,30,1390,100,186,384,587,409,60,401.778546
hande,30,1820,100,205,383,606,409,60,401.8420088
hande,30,100,540,222,381,624,408,60,402.9056962
hande,30,530,540,164,393,565,420,60,401.9079497
hande,30,960,540,178,392,578,421,60,401.0498722
hande,30,1390,540,194,392,595,421,60,402.0472609
hande,30,1820,540,212,392,614,421,60,403.0446625
hande,30,100,980,221,389,620,420,60,400.2024488
hande,30,530,980,173,403,571,430,60,398.9147779
hande,30,960,980,190,400,590,430,60,401.1234224
hande,30,1390,980,208,394,607,426,60,400.2811512
hande,30,1820,980,229,393,625,426,60,397.3726211
hande,30,100,100,188,377,583,412,60,396.5476012
hande,30,530,100,170,379,567,410,60,398.2084881
hande,30,960,100,181,378,579,409,60,399.2054609
hande,30,1390,100,203,377,603,410,60,401.3589416
hande,30,1820,100,224,377,624,410,60,401.3589416
hande,30,100,540,234,378,635,411,60,402.3555641
hande,30,530,540,184,389,585,421,60,402.2747817
hande,30,960,540,193,387,590,420,60,398.3691755
hande,30,1390,540,212,383,612,419,60,401.6167327
hande,30,1820,540,217,384,614,418,60,398.4532595
hande,30,100,980,222,383,624,416,60,403.3522034
hande,30,530,980,172,398,571,427,60,400.0524966
hande,30,960,980,185,396,585,427,60,401.1994516
hande,30,1390,980,195,394,593,426,60,399.2843598
hande,30,1820,980,211,395,614,427,60,404.2684751
hande,30,100,100,143,383,549,412,60,407.0343966
hande,30,530,100,142,376,544,404,60,402.9739446
hande,30,960,100,168,374,572,403,60,405.0395042
hande,30,1390,100,187,371,593,401,60,407.1068656
hande,30,1820,100,197,371,601,402,60,405.1876109
hande,30,100,540,205,373,610,402,60,406.0369441
hande,30,530,540,143,387,546,414,60,403.9034538
hande,30,960,540,153,384,559,413,60,407.0343966
hande,30,1390,540,169,383,576,410,60,407.8945942
hande,30,1820,540,180,380,587,409,60,408.0318615
hande,30,100,980,194,380,600,408,60,406.9643719
hande,30,530,980,140,390,544,414,60,404.7122435
hande,30,960,980,160,389,563,416,60,403.9034538
hande,30,1390,980,183,385,583,413,60,400.9788024
hande,30,1820,980,203,386,602,415,60,400.0524966
hande,30,100,100,166,383,560,408,60,394.7923505
hande,30,530,100,143,364,544,391,60,401.9079497
hande,30,960,100,182,362,583,394,60,402.2747817
hande,30,1390,100,214,357,617,392,60,404.5169959
hande,30,1820,100,235,361,636,394,60,402.3555641
hande,30,100,540,245,357,648,392,60,404.5169959
hande,30,530,540,178,372,578,403,60,401.1994516
hande,30,960,540,189,372,591,402,60,403.1178488
hande,30,1390,540,203,371,608,403,60,406.2622306
hande,30,1820,540,217,366,620,399,60,404.3488593
hande,30,100,980,231,366,632,400,60,402.4388152
hande,30,530,980,176,382,575,409,60,399.9124904
hande,30,960,980,191,378,590,410,60,400.2811512
hande,30,1390,980,204,378,604,409,60,401.1994516
hande,30,1820,980,227,376,626,408,60,400.2811512
hande,30,100,100,243,682,606,703,60,363.6069306
hande,30,530,100,252,684,614,707,60,362.7299271
hande,30,960,100,260,687,625,708,60,365.6036105
hande,30,1390,100,271,688,638,709,60,367.6003264
hande,30,1820,100,284,688,649,707,60,365.494186
hande,30,100,540,290,690,656,707,60,366.394596
hande,30,530,540,239,698,604,716,60,365.4435661
hande,30,960,540,247,699,613,717,60,366.4423556
hande,30,1390,540,250,700,618,717,60,368.3924538
hande,30,1820,540,258,694,624,710,60,366.3495598
hande,30,100,980,270,692,633,708,60,363.352446
hande,30,530,980,227,702,591,716,60,364.2691313
hande,30,960,980,243,703,607,719,60,364.3514787
hande,30,1390,980,265,698,629,716,60,364.4447832
hande,30,1820,980,274,695,635,713,60,361.4484749
hande,30,100,100,234,673,602,689,60,368.3476619
hande,30,530,100,229,671,594,689,60,365.4435661
hande,30,960,100,274,674,639,689,60,365.3080892
hande,30,1390,100,273,670,641,689,60,368.4901627
hande,30,1820,100,294,669,662,687,60,368.4399544
hande,30,100,540,299,668,665,686,60,366.4423556
hande,30,530,540,250,678,614,695,60,364.3967618
hande,30,960,540,274,676,639,694,60,365.4435661
hande,30,1390,540,291,676,655,694,60,364.4447832
hande,30,1820,540,305,675,672,693,60,367.4411518
hande,30,100,980,312,674,679,692,60,367.4411518
hande,30,530,980,277,682,640,701,60,363.4969051
hande,30,960,980,297,686,657,701,60,360.3123645
hande,30,1390,980,308,680,670,698,60,362.4472375
hande,30,1820,980,323,676,686,693,60,363.3978536
hande,30,100,100,286,668,651,683,60,365.3080892
hande,30,530,100,275,665,638,680,60,363.3097852
hande,30,960,100,304,665,668,682,60,364.3967618
hande,30,1390,100,322,663,686,680,60,364.3967618
hande,30,1820,100,338,662,700,678,60,362.3534186
hande,30,100,540,351,660,713,677,60,362.3989514
hande,30,530,540,307,672,668,688,60,361.3543967
hande,30,960,540,313,669,673,685,60,360.3553801
hande,30,1390,540,321,669,682,686,60,361.4000553
hande,30,1820,540,321,666,684,682,60,363.352446
hande,30,100,980,342,667,700,682,60,358.314108
hande,30,530,980,300,675,658,689,60,358.2736384
hande,30,960,980,312,671,669,686,60,357.3149871
hande,30,1390,980,328,669,685,687,60,357.4534935
hande,30,1820,980,347,670,700,688,60,353.4586256
hande,30,100,100,349,903,689,913,60,340.147027
hande,30,100,100,349,903,689,913,60,340.147027
hande,30,530,100,330,901,676,907,60,346.0520192
hande,30,960,100,362,900,708,909,60,346.1170322
hande,30,1390,100,396,894,740,905,60,344.1758272
hande,30,1820,100,376,898,723,908,60,347.1440623
hande,30,100,540,377,905,720,912,60,343.0714211
hande,30,530,540,322,915,666,921,60,344.0523216
hande,30,960,540,339,914,687,924,60,348.1436485
hande,30,1390,540,359,910,706,923,60,347.2434305
hande,30,1820,540,369,911,717,925,60,348.2814953
hande,30,100,980,377,914,726,924,60,349.1432371
hande,30,530,980,333,925,675,932,60,342.0716299
hande,30,960,980,354,923,700,934,60,346.1748113
hande,30,1390,980,363,925,712,936,60,349.1733094
hande,30,1820,980,372,924,720,935,60,348.1738072
hande,30,100,100,346,891,674,900,60,328.1234524
hande,30,530,100,378,919,705,917,60,327.0061162
hande,30,960,100,397,921,728,926,60,331.0377622
hande,30,1390,100,420,918,751,922,60,331.0241683
hande,30,1820,100,433,921,763,926,60,330.0378766
hande,30,100,540,438,923,769,928,60,331.0377622
hande,30,530,540,392,938,726,943,60,334.0374231
hande,30,960,540,403,946,744,952,60,341.0527818
hande,30,1390,540,407,944,750,951,60,343.0714211
hande,30,1820,540,415,945,756,953,60,341.0938287
hande,30,100,980,418,947,761,954,60,343.0714211
hande,30,530,980,381,956,720,961,60,339.0368712
hande,30,960,980,394,954,735,960,60,341.0527818
hande,30,1390,980,406,951,747,960,60,341.1187477
hande,30,1820,980,411,957,751,964,60,340.0720512
hande,30,100,100,373,906,710,910,60,337.023738
hande,30,530,100,374,908,708,914,60,334.0538879
hande,30,960,100,398,914,735,918,60,337.023738
hande,30,1390,100,413,915,751,920,60,338.0369802
hande,30,1820,100,427,917,763,923,60,336.0535672
hande,30,100,540,440,916,777,923,60,337.0726925
hande,30,530,540,393,927,731,932,60,338.0369802
hande,30,960,540,403,927,744,934,60,341.0718399
hande,30,1390,540,421,927,758,934,60,337.0726925
hande,30,1820,540,430,925,768,934,60,338.1198013
hande,30,100,980,441,927,781,934,60,340.0720512
hande,30,530,980,390,939,729,944,60,339.0368712
hande,30,960,980,411,940,750,947,60,339.0722637
hande,30,1390,980,421,940,760,947,60,339.0722637
hande,30,1820,980,433,937,772,947,60,339.1474606
hande,30,100,100,1257,636,1637,643,60,380.0644682
hande,30,530,100,1220,630,1602,632,60,382.0052356
hande,30,960,100,1216,629,1594,629,60,378
hande,30,1390,100,1208,622,1585,625,60,377.0119362
hande,30,1820,100,1228,626,1608,627,60,380.0013158
hande,30,100,540,1254,629,1633,631,60,379.005277
hande,30,530,540,1190,638,1567,642,60,377.0212196
hande,30,960,540,1200,641,1581,644,60,381.0118108
hande,30,1390,540,1213,641,1594,644,60,381.0118108
hande,30,1820,540,1228,639,1609,645,60,381.0472412
hande,30,100,980,1247,640,1628,645,60,381.032807
hande,30,530,980,1192,646,1572,649,60,380.0118419
hande,30,960,980,1199,648,1577,652,60,378.0211634
hande,30,1390,980,1205,650,1583,653,60,378.0119046
hande,30,1820,980,1227,650,1609,653,60,382.0117799
hande,30,100,100,1236,630,1615,635,60,379.0329801
hande,30,530,100,1212,626,1596,633,60,384.0637968
hande,30,960,100,1216,629,1598,631,60,382.0052356
hande,30,1390,100,1227,629,1609,632,60,382.0117799
hande,30,1820,100,1251,628,1632,633,60,381.032807
hande,30,100,540,1272,627,1651,631,60,379.0211076
hande,30,530,540,1212,637,1589,643,60,377.0477423
hande,30,960,540,1220,640,1600,644,60,380.021052
hande,30,1390,540,1228,640,1607,643,60,379.0118732
hande,30,1820,540,1247,641,1629,644,60,382.0117799
hande,30,100,980,1262,642,1642,646,60,380.021052
hande,30,530,980,1210,648,1588,651,60,378.0119046
hande,30,960,980,1225,650,1604,654,60,379.0211076
hande,30,1390,980,1237,650,1618,654,60,381.0209968
hande,30,1820,980,1257,650,1636,654,60,379.0211076
hande,30,100,100,1295,629,1679,637,60,384.0833243
hande,30,530,100,1268,632,1651,640,60,383.0835418
hande,30,960,100,1276,634,1661,641,60,385.0636311
hande,30,1390,100,1289,635,1675,641,60,386.0466293
hande,30,1820,100,1304,636,1691,642,60,387.0465088
hande,30,100,540,1319,635,1704,641,60,385.0467504
hande,30,530,540,1251,644,1634,651,60,383.0639633
hande,30,960,540,1254,642,1638,648,60,384.0468721
hande,30,1390,540,1261,644,1644,649,60,383.0326357
hande,30,1820,540,1277,641,1660,646,60,383.0326357
hande,30,100,980,1291,643,1670,649,60,379.0474904
hande,30,530,980,1240,649,1619,654,60,379.0329801
hande,30,960,980,1255,652,1634,657,60,379.0329801
hande,30,1390,980,1270,651,1650,658,60,380.0644682
hande,30,1820,980,1282,653,1663,660,60,381.064299
hande,30,100,100,1254,645,1644,654,60,390.1038323
hande,30,530,100,1253,642,1642,649,60,389.0629769
hande,30,960,100,1260,639,1650,647,60,390.0820427
hande,30,1390,100,1268,638,1658,645,60,390.0628155
hande,30,1820,100,1287,638,1676,645,60,389.0629769
hande,30,100,540,1303,637,1690,643,60,387.0465088
hande,30,530,540,1246,645,1636,655,60,390.1281841
hande,30,960,540,1260,646,1647,654,60,387.0826785
hande,30,1390,540,1268,649,1657,658,60,389.1040992
hande,30,1820,540,1282,649,1671,657,60,389.0822535
hande,30,100,980,1294,651,1683,659,60,389.0822535
hande,30,530,980,1244,657,1629,664,60,385.0636311
hande,30,960,980,1254,659,1641,666,60,387.0633023
hande,30,1390,980,1267,659,1652,667,60,385.0831079
hande,30,1820,980,1276,658,1664,667,60,388.1043674
hande,30,100,100,1276,661,1651,688,60,375.9707435
hande,30,530,100,1227,657,1611,686,60,385.0934951
hande,30,960,100,1237,656,1620,684,60,384.0221348
hande,30,1390,100,1246,656,1631,683,60,385.945592
hande,30,1820,100,1264,656,1647,682,60,383.8814921
hande,30,100,540,1276,655,1660,681,60,384.8792018
hande,30,530,540,1218,663,1603,691,60,386.016839
hande,30,960,540,1225,665,1608,691,60,383.8814921
hande,30,1390,540,1235,667,1620,693,60,385.8769234
hande,30,1820,540,1248,667,1633,695,60,386.016839
hande,30,100,980,1264,667,1644,693,60,380.8884351
hande,30,530,980,1211,673,1593,700,60,382.9529997
hande,30,960,980,1235,674,1614,701,60,379.9605243
hande,30,1390,980,1235,674,1618,701,60,383.9505176
hande,30,1820,980,1245,675,1628,705,60,384.1731381
hande,30,100,100,1258,661,1634,692,60,377.2757612
hande,30,530,100,1227,647,1607,677,60,381.1823711
hande,30,960,100,1235,650,1616,679,60,382.1020806
hande,30,1390,100,1249,648,1630,677,60,382.1020806
hande,30,1820,100,1257,647,1638,676,60,382.1020806
hande,30,100,540,1271,650,1651,677,60,380.9580029
hande,30,530,540,1207,657,1586,686,60,380.1078794
hande,30,960,540,1212,658,1592,685,60,380.9580029
hande,30,1390,540,1208,658,1584,683,60,376.8302005
hande,30,1820,540,1225,655,1600,680,60,375.8324095
hande,30,100,980,1243,656,1619,681,60,376.8302005
hande,30,530,980,1190,662,1569,687,60,379.8236433
hande,30,960,980,1214,662,1589,689,60,375.9707435
hande,30,1390,980,1229,660,1605,689,60,377.1166928
hande,30,1820,980,1246,659,1620,687,60,375.0466638
hande,30,100,100,1271,617,1649,642,60,378.8258175
hande,30,530,100,1217,612,1595,635,60,378.699089
hande,30,960,100,1219,613,1595,634,60,376.5859796
hande,30,1390,100,1232,613,1610,635,60,378.6396704
hande,30,1820,100,1259,612,1637,635,60,378.699089
hande,30,100,540,1278,612,1654,635,60,376.7028006
hande,30,530,540,1207,620,1583,644,60,376.7651789
hande,30,960,540,1221,620,1594,642,60,373.6482303
hande,30,1390,540,1234,619,1610,643,60,376.7651789
hande,30,1820,540,1245,619,1621,643,60,376.7651789
hande,30,100,980,1258,622,1634,645,60,376.7028006
hande,30,530,980,1204,628,1577,650,60,373.6482303
hande,30,960,980,1206,630,1575,650,60,369.5416079
hande,30,1390,980,1206,628,1573,649,60,367.6003264
hande,30,1820,980,1214,629,1584,649,60,370.5401463
hande,30,100,100,1221,621,1590,647,60,369.9148551
hande,30,530,100,1209,615,1584,638,60,375.7046713
hande,30,960,100,1208,613,1582,636,60,374.7065519
hande,30,1390,100,1220,614,1596,636,60,376.6430671
hande,30,1820,100,1239,610,1614,635,60,375.8324095
hande,30,100,540,1254,612,1633,635,60,379.6972478
hande,30,530,540,1198,620,1572,643,60,374.7065519
hande,30,960,540,1205,622,1580,644,60,375.644779
hande,30,1390,540,1217,621,1593,644,60,376.7028006
hande,30,1820,540,1234,622,1608,646,60,374.7692623
hande,30,100,980,1247,620,1621,645,60,374.8346302
hande,30,530,980,1201,628,1567,651,60,366.7219655
hande,30,960,980,1218,629,1590,651,60,372.6499698
hande,30,1390,980,1214,630,1587,653,60,373.7084425
hande,30,1820,980,1238,632,1607,657,60,369.8459139
hande,30,100,100,1223,605,1590,628,60,367.7200022
hande,30,530,100,1209,603,1587,625,60,378.6396704
hande,30,960,100,1215,605,1590,625,60,375.5329546
hande,30,1390,100,1224,605,1600,624,60,376.4797471
hande,30,1820,100,1238,605,1614,625,60,376.5315392
hande,30,100,540,1256,604,1632,626,60,376.6430671
hande,30,530,540,1185,615,1557,636,60,372.5922705
hande,30,960,540,1191,617,1564,636,60,373.4836007
hande,30,1390,540,1201,617,1575,636,60,374.4823093
hande,30,1820,540,1216,617,1589,637,60,373.5358082
hande,30,100,980,1230,619,1603,639,60,373.5358082
hande,30,530,980,1178,627,1549,644,60,371.3892836
hande,30,960,980,1198,627,1570,646,60,372.484899
hande,30,1390,980,1209,628,1584,648,60,375.5329546
hande,30,1820,980,1222,631,1596,650,60,374.4823093
hande,30,100,100,1265,618,1645,641,60,380.6954163
hande,30,530,100,1236,613,1620,632,60,384.4697647
hande,30,960,100,1257,611,1641,631,60,384.5204806
hande,30,1390,100,1268,611,1655,632,60,387.5693486
hande,30,1820,100,1282,611,1666,632,60,384.5737901
hande,30,100,540,1297,612,1680,633,60,383.575286
hande,30,530,540,1244,619,1623,641,60,379.6379855
hande,30,960,540,1247,617,1626,639,60,379.6379855
hande,30,1390,540,1254,618,1634,639,60,380.5798208
hande,30,1820,540,1276,619,1659,642,60,383.689979
hande,30,100,980,1285,619,1661,644,60,376.8302005
hande,30,530,980,1246,624,1624,648,60,378.7611385
hande,30,960,980,1241,627,1617,650,60,376.7028006
hande,30,1390,980,1261,628,1639,651,60,378.699089
hande,30,1820,980,1274,630,1644,653,60,370.7141756
hande,30,100,100,1197,615,1568,635,60,371.5386925
hande,30,530,100,1192,612,1569,632,60,377.5301312
hande,30,960,100,1206,611,1584,631,60,378.5287307
hande,30,1390,100,1219,613,1596,633,60,377.5301312
hande,30,1820,100,1246,607,1623,627,60,377.5301312
hande,30,100,540,1244,610,1624,631,60,380.5798208
hande,30,530,540,1192,618,1569,639,60,377.5844276
hande,30,960,540,1208,619,1583,640,60,375.5875397
hande,30,1390,540,1219,620,1598,642,60,379.6379855
hande,30,1820,540,1239,620,1616,641,60,377.5844276
hande,30,100,980,1193,625,1566,647,60,373.6482303
hande,30,530,980,1196,627,1571,647,60,375.5329546
hande,30,960,980,1210,629,1582,650,60,372.5922705
hande,30,1390,980,1223,626,1596,649,60,373.7084425
hande,30,1820,980,1238,630,1606,650,60,368.5430775
hande,30,100,100,1286,619,1670,645,60,384.8792018
hande,30,530,100,1251,613,1640,639,60,389.8679264
hande,30,960,100,1269,615,1658,643,60,390.0064102
hande,30,1390,100,1272,616,1659,642,60,387.8724017
hande,30,1820,100,1289,615,1680,643,60,392.0012755
hande,30,100,540,1302,616,1687,645,60,386.0906629
hande,30,530,540,1233,626,1615,652,60,382.8837944
hande,30,960,540,1247,627,1629,652,60,382.8171887
hande,30,1390,540,1260,629,1645,655,60,385.8769234
hande,30,1820,540,1264,630,1649,655,60,385.8108345
hande,30,100,980,1281,631,1664,657,60,383.8814921
hande,30,530,980,1226,634,1605,661,60,379.9605243
hande,30,960,980,1238,638,1617,663,60,379.8236433
hande,30,1390,980,1249,637,1627,664,60,378.9630589
hande,30,1820,980,1258,638,1637,664,60,379.8907738
hande,30,100,100,1322,617,1713,646,60,392.0739726
hande,30,530,100,1295,618,1686,647,60,392.0739726
hande,30,960,100,1297,619,1688,644,60,391.7984176
hande,30,1390,100,1322,617,1713,645,60,392.0012755
hande,30,1820,100,1342,620,1731,645,60,389.8025141
hande,30,100,540,1343,620,1733,647,60,390.9334982
hande,30,530,540,1282,627,1666,655,60,385.01948
hande,30,960,540,1289,629,1677,656,60,388.9382984
hande,30,1390,540,1297,629,1684,656,60,387.9407171
hande,30,1820,540,1316,632,1701,657,60,385.8108345
hande,30,100,980,1271,631,1657,657,60,386.8746567
hande,30,530,980,1272,636,1658,661,60,386.8087383
hande,30,960,980,1275,638,1662,663,60,387.8066529
hande,30,1390,980,1287,638,1672,665,60,385.945592
hande,30,1820,980,1298,640,1682,667,60,384.9480484
hande,30,100,100,1335,614,1722,643,60,388.0850422
hande,30,530,100,1314,615,1704,645,60,391.1521443
hande,30,960,100,1324,616,1715,645,60,392.0739726
hande,30,1390,100,1337,615,1730,643,60,393.9961929
hande,30,1820,100,1345,613,1736,642,60,392.0739726
hande,30,100,540,1359,613,1750,642,60,392.0739726
hande,30,530,540,1302,619,1687,650,60,386.2460356
hande,30,960,540,1310,622,1696,651,60,387.0878453
hande,30,1390,540,1319,623,1709,653,60,391.1521443
hande,30,1820,540,1331,625,1718,653,60,388.0115978
hande,30,100,980,1344,626,1734,656,60,391.1521443
hande,30,530,980,1296,630,1680,659,60,385.0934951
hande,30,960,980,1302,632,1689,661,60,388.0850422
hande,30,1390,980,1310,633,1693,662,60,384.0963421
hande,30,1820,980,1322,632,1708,663,60,387.2428179
hande,30,100,100,1374,669,1758,669,60,384
hande,30,530,100,1306,654,1684,653,60,378.0013227
hande,30,960,100,1305,656,1684,656,60,379
hande,30,1390,100,1314,656,1692,655,60,378.0013227
hande,30,1820,100,1325,652,1704,652,60,379
hande,30,100,540,1332,652,1711,651,60,379.0013193
hande,30,530,540,1265,661,1640,658,60,375.0119998
hande,30,960,540,1265,662,1639,659,60,374.0120319
hande,30,1390,540,1280,662,1654,660,60,374.0053476
hande,30,1820,540,1292,662,1667,659,60,375.0119998
hande,30,100,980,1300,659,1675,659,60,375
hande,30,530,980,1251,668,1620,665,60,369.0121949
hande,30,960,980,1256,671,1629,669,60,373.0053619
hande,30,1390,980,1268,671,1640,667,60,372.0215048
hande,30,1820,980,1272,671,1642,668,60,370.012162
hande,30,100,100,1270,650,1660,653,60,390.0115383
hande,30,530,100,1265,651,1646,655,60,381.0209968
hande,30,960,100,1267,651,1655,653,60,388.0051546
hande,30,1390,100,1284,650,1669,652,60,385.0051948
hande,30,1820,100,1297,649,1683,652,60,386.0116579
hande,30,100,540,1310,650,1694,651,60,384.0013021
hande,30,530,540,1264,656,1645,659,60,381.0118108
hande,30,960,540,1271,660,1655,662,60,384.0052083
hande,30,1390,540,1290,656,1673,659,60,383.0117492
hande,30,1820,540,1303,658,1683,661,60,380.0118419
hande,30,100,980,1308,659,1691,664,60,383.0326357
hande,30,530,980,1253,665,1634,668,60,381.0118108
hande,30,960,980,1266,666,1646,668,60,380.0052631
hande,30,1390,980,1282,665,1661,671,60,379.0474904
hande,30,1820,980,1283,666,1661,670,60,378.0211634
hande,30,100,100,1277,657,1655,662,60,378.0330673
hande,30,530,100,1255,652,1634,655,60,379.0118732
hande,30,960,100,1271,651,1651,658,60,380.0644682
hande,30,1390,100,1284,651,1666,657,60,382.0471175
hande,30,1820,100,1298,651,1684,656,60,386.0323821
hande,30,100,540,1266,654,1646,661,60,380.0644682
hande,30,530,540,1263,658,1644,665,60,381.064299
hande,30,960,540,1273,659,1657,665,60,384.0468721
hande,30,1390,540,1290,660,1673,666,60,383.0469945
hande,30,1820,540,1302,662,1687,669,60,385.0636311
hande,30,100,980,1319,664,1705,674,60,386.129512
hande,30,530,980,1265,672,1651,679,60,386.0634663
hande,30,960,980,1283,671,1673,680,60,390.1038323
hande,30,1390,980,1305,671,1690,680,60,385.1051804
hande,30,1820,980,1301,671,1687,678,60,386.0634663
hande,40.0,100,100,788,553,1063,566,60,275.3071012524014
hande,40.0,530,100,786,551,1055,563,60,269.2675249635574
hande,40.0,960,100,792,552,1062,566,60,270.36271932350434
hande,40.0,1390,100,785,547,1060,560,60,275.3071012524014
hande,40.0,1820,100,798,548,1072,561,60,274.3082208028042
hande,40.0,100,540,809,549,1085,562,60,276.3059898011623
hande,40.0,530,540,773,556,1044,569,60,271.31162894354526
hande,40.0,960,540,792,553,1064,570,60,272.5307322119838
hande,40.0,1390,540,793,555,1064,571,60,271.4719138327205
hande,40.0,1820,540,799,555,1072,571,60,273.4684625327023
hande,40.0,100,980,809,555,1085,571,60,276.4633791300396
hande,40.0,530,980,780,561,1050,576,60,270.4163456597992
hande,40.0,960,980,790,560,1062,575,60,272.4132889563209
hande,40.0,1390,980,800,558,1074,576,60,274.5906043549196
hande,40.0,1820,980,806,557,1079,577,60,273.73162038756135
hande,40.0,100,100,795,549,1067,565,60,272.47018185482244
hande,40.0,530,100,799,548,1070,564,60,271.4719138327205
hande,40.0,960,100,809,549,1081,564,60,272.4132889563209
hande,40.0,1390,100,818,549,1090,565,60,272.47018185482244
hande,40.0,1820,100,825,548,1098,565,60,273.528791903156
hande,40.0,100,540,834,549,1110,565,60,276.4633791300396
hande,40.0,530,540,807,555,1075,571,60,268.47718711279737
hande,40.0,960,540,812,559,1086,575,60,274.46675572826666
hande,40.0,1390,540,819,554,1092,572,60,273.59276306218334
hande,40.0,1820,540,826,554,1096,574,60,270.7397274136177
hande,40.0,100,980,833,553,1108,572,60,275.6555822035897
hande,40.0,530,980,807,558,1079,575,60,272.5307322119838
hande,40.0,960,980,810,558,1082,575,60,272.5307322119838
hande,40.0,1390,980,819,558,1091,577,60,272.66279540854123
hande,40.0,1820,980,827,556,1098,576,60,271.7370052090808
hande,40.0,100,100,808,544,1083,560,60,275.4650613054222
hande,40.0,530,100,798,547,1069,559,60,271.26555254952666
hande,40.0,960,100,812,549,1087,563,60,275.35613303502066
hande,40.0,1390,100,820,548,1097,564,60,277.46170906991836
hande,40.0,1820,100,824,548,1099,565,60,275.5249534978638
hande,40.0,100,540,832,546,1109,562,60,277.46170906991836
hande,40.0,530,540,801,553,1071,569,60,270.4736586065268
hande,40.0,960,540,807,557,1081,571,60,274.35743110038044
hande,40.0,1390,540,815,556,1087,573,60,272.5307322119838
hande,40.0,1820,540,828,554,1101,573,60,273.6603734558586
hande,40.0,100,980,833,554,1108,572,60,275.5884612969128
hande,40.0,530,980,803,561,1076,578,60,273.528791903156
hande,40.0,960,980,809,560,1081,578,60,272.5949375905576
hande,40.0,1390,980,816,562,1089,581,60,273.6603734558586
hande,40.0,1820,980,825,561,1098,581,60,273.73162038756135
hande,40.0,100,100,799,557,1070,574,60,271.53268679847736
hande,40.0,530,100,795,551,1070,566,60,275.40878707840824
hande,40.0,960,100,802,552,1077,568,60,275.4650613054222
hande,40.0,1390,100,812,550,1085,568,60,273.59276306218334
hande,40.0,1820,100,818,550,1093,567,60,275.5249534978638
hande,40.0,100,540,824,550,1100,567,60,276.52305509667724
hande,40.0,530,540,797,558,1068,573,60,271.4148116813082
hande,40.0,960,540,805,556,1078,573,60,273.528791903156
hande,40.0,1390,540,811,556,1083,573,60,272.5307322119838
hande,40.0,1820,540,818,554,1091,574,60,273.73162038756135
hande,40.0,100,980,828,553,1101,572,60,273.6603734558586
hande,40.0,530,980,797,560,1069,579,60,272.66279540854123
hande,40.0,960,980,802,561,1073,578,60,271.53268679847736
hande,40.0,1390,980,810,561,1083,580,60,273.6603734558586
hande,40.0,1820,980,815,560,1088,580,60,273.73162038756135
hande,40.0,100,100,811,548,1086,562,60,275.35613303502066
hande,40.0,530,100,795,551,1067,562,60,272.2223356008834
hande,40.0,960,100,801,551,1075,562,60,274.2207140243056
hande,40.0,1390,100,809,551,1083,564,60,274.3082208028042
hande,40.0,1820,100,813,548,1089,561,60,276.3059898011623
hande,40.0,100,540,823,551,1102,565,60,279.35103364763125
hande,40.0,530,540,792,558,1063,570,60,271.26555254952666
hande,40.0,960,540,800,559,1074,572,60,274.3082208028042
hande,40.0,1390,540,810,556,1084,572,60,274.46675572826666
hande,40.0,1820,540,816,555,1090,572,60,274.5268657162719
hande,40.0,100,980,828,554,1104,571,60,276.52305509667724
hande,40.0,530,980,799,564,1071,580,60,272.47018185482244
hande,40.0,960,980,808,562,1082,578,60,274.46675572826666
hande,40.0,1390,980,808,563,1082,580,60,274.5268657162719
hande,40.0,1820,980,818,563,1091,581,60,273.59276306218334
hande,40.0,100,100,800,560,1060,578,60,260.62233212063774
hande,40.0,530,100,786,552,1060,566,60,274.35743110038044
hande,40.0,960,100,795,552,1069,566,60,274.35743110038044
hande,40.0,1390,100,805,551,1078,566,60,273.41177736154674
hande,40.0,1820,100,813,549,1089,565,60,276.4633791300396
hande,40.0,100,540,816,548,1093,563,60,277.4058398808504
hande,40.0,530,540,794,555,1065,567,60,271.26555254952666
hande,40.0,960,540,802,553,1077,567,60,275.35613303502066
hande,40.0,1390,540,818,553,1091,571,60,273.59276306218334
hande,40.0,1820,540,823,553,1095,572,60,272.66279540854123
hande,40.0,100,980,829,553,1103,570,60,274.5268657162719
hande,40.0,530,980,804,558,1076,575,60,272.5307322119838
hande,40.0,960,980,808,560,1078,576,60,270.4736586065268
hande,40.0,1390,980,822,558,1093,577,60,271.66523517005265
hande,40.0,1820,980,831,556,1101,576,60,270.7397274136177
hande,40.0,100,100,814,562,1087,581,60,273.6603734558586
hande,40.0,530,100,793,552,1068,569,60,275.5249534978638
hande,40.0,960,100,802,552,1074,568,60,272.47018185482244
hande,40.0,1390,100,813,549,1087,568,60,274.6579691179559
hande,40.0,1820,100,824,548,1098,567,60,274.6579691179559
hande,40.0,100,540,834,549,1111,568,60,277.6508598942204
hande,40.0,530,540,811,555,1082,574,60,271.66523517005265
hande,40.0,960,540,814,558,1087,574,60,273.4684625327023
hande,40.0,1390,540,820,555,1092,574,60,272.66279540854123
hande,40.0,1820,540,831,555,1104,575,60,273.73162038756135
hande,40.0,100,980,839,554,1114,574,60,275.72631357924473
hande,40.0,530,980,809,557,1080,576,60,271.66523517005265
hande,40.0,960,980,817,560,1087,579,60,270.667692937299
hande,40.0,1390,980,824,559,1095,580,60,271.8124353299532
hande,40.0,1820,980,832,560,1103,581,60,271.8124353299532
hande,40.0,100,100,815,554,1090,571,60,275.5249534978638
hande,40.0,530,100,805,549,1075,565,60,270.4736586065268
hande,40.0,960,100,817,551,1090,568,60,273.528791903156
hande,40.0,1390,100,825,550,1097,566,60,272.47018185482244
hande,40.0,1820,100,834,547,1107,565,60,273.59276306218334
hande,40.0,100,540,841,549,1115,566,60,274.5268657162719
hande,40.0,530,540,810,556,1076,572,60,266.48076853686837
hande,40.0,960,540,814,557,1086,572,60,272.4132889563209
hande,40.0,1390,540,827,556,1099,574,60,272.5949375905576
hande,40.0,1820,540,823,550,1096,570,60,273.73162038756135
hande,40.0,100,980,838,558,1113,577,60,275.6555822035897
hande,40.0,530,980,818,562,1086,578,60,268.47718711279737
hande,40.0,960,980,821,564,1091,581,60,270.5346558206545
hande,40.0,1390,980,827,567,1098,585,60,271.59712811441875
hande,40.0,1820,980,834,565,1104,583,60,270.5993348107123
hande,40.0,100,100,808,556,1077,570,60,269.3640659033792
hande,40.0,530,100,800,560,1068,571,60,268.2256512714621
hande,40.0,960,100,808,559,1080,572,60,272.31048455760936
hande,40.0,1390,100,818,559,1091,573,60,273.3587386567329
hande,40.0,1820,100,829,557,1104,571,60,275.35613303502066
hande,40.0,100,540,838,557,1115,572,60,277.4058398808504
hande,40.0,530,540,810,567,1082,581,60,272.360055808483
hande,40.0,960,540,811,568,1084,580,60,273.26360899322106
hande,40.0,1390,540,823,566,1094,582,60,271.4719138327205
hande,40.0,1820,540,833,565,1105,582,60,272.5307322119838
hande,40.0,100,980,844,558,1118,573,60,274.4102767754881
hande,40.0,530,980,806,562,1076,575,60,270.31278179176064
hande,40.0,960,980,814,568,1084,582,60,270.36271932350434
hande,40.0,1390,980,821,567,1091,583,60,270.4736586065268
hande,40.0,1820,980,833,567,1105,585,60,272.5949375905576
hande,40.0,100,100,820,553,1093,566,60,273.3093485411723
hande,40.0,530,100,806,558,1073,568,60,267.1872002922296
hande,40.0,960,100,813,558,1083,570,60,270.266535109325
hande,40.0,1390,100,830,558,1102,573,60,272.4132889563209
hande,40.0,1820,100,843,558,1115,574,60,272.47018185482244
hande,40.0,100,540,848,559,1120,574,60,272.4132889563209
hande,40.0,530,540,819,567,1086,579,60,267.2695268825086
hande,40.0,960,540,824,567,1096,580,60,272.31048455760936
hande,40.0,1390,540,836,567,1108,583,60,272.47018185482244
hande,40.0,1820,540,847,566,1118,584,60,271.59712811441875
hande,40.0,100,980,856,566,1130,584,60,274.5906043549196
hande,40.0,530,980,825,572,1095,587,60,270.4163456597992
hande,40.0,960,980,833,573,1106,588,60,273.41177736154674
hande,40.0,1390,980,840,570,1109,587,60,269.5366394388711
hande,40.0,1820,980,838,572,1110,590,60,272.5949375905576
hande,40.0,100,100,803,561,1076,573,60,273.26360899322106
hande,40.0,530,100,806,559,1075,570,60,269.2248131209306
hande,40.0,960,100,815,559,1087,571,60,272.26457720386617
hande,40.0,1390,100,826,552,1097,564,60,271.26555254952666
hande,40.0,1820,100,835,557,1109,569,60,274.2626478396211
hande,40.0,100,540,841,558,1118,571,60,277.3048863615641
hande,40.0,530,540,809,565,1076,577,60,267.2695268825086
hande,40.0,960,540,815,567,1086,578,60,271.2231553536681
hande,40.0,1390,540,826,568,1096,580,60,270.266535109325
hande,40.0,1820,540,832,567,1103,581,60,271.3613826615718
hande,40.0,100,980,838,568,1114,581,60,276.3059898011623
hande,40.0,530,980,810,572,1081,586,60,271.3613826615718
hande,40.0,960,980,818,575,1091,588,60,273.3093485411723
hande,40.0,1390,980,823,577,1096,592,60,273.41177736154674
hande,40.0,1820,980,837,573,1109,590,60,272.5307322119838
hande,40.0,100,100,812,561,1089,575,60,277.35356496717327
hande,40.0,530,100,807,566,1080,574,60,273.11719096387907
hande,40.0,960,100,812,563,1085,574,60,273.22152184628504
hande,40.0,1390,100,828,559,1101,573,60,273.3587386567329
hande,40.0,1820,100,837,560,1111,574,60,274.35743110038044
hande,40.0,100,540,847,558,1121,572,60,274.35743110038044
hande,40.0,530,540,815,563,1082,577,60,267.36678926149375
hande,40.0,960,540,821,564,1090,576,60,269.2675249635574
hande,40.0,1390,540,828,564,1098,578,60,270.36271932350434
hande,40.0,1820,540,838,562,1107,578,60,269.4754163184464
hande,40.0,100,980,843,562,1114,577,60,271.4148116813082
hande,40.0,530,980,814,568,1082,580,60,268.26852219371546
hande,40.0,960,980,823,568,1091,581,60,268.31511325305553
hande,40.0,1390,980,831,568,1099,583,60,268.41944787961995
hande,40.0,1820,980,838,567,1107,584,60,269.5366394388711
hande,40.0,100,100,806,559,1078,569,60,272.18376145538144
hande,40.0,530,100,803,560,1069,568,60,266.12027356065903
hande,40.0,960,100,812,558,1084,568,60,272.18376145538144
hande,40.0,1390,100,825,558,1096,570,60,271.26555254952666
hande,40.0,1820,100,835,558,1107,571,60,272.31048455760936
hande,40.0,100,540,847,559,1121,572,60,274.3082208028042
hande,40.0,530,540,813,567,1082,578,60,269.2248131209306
hande,40.0,960,540,822,566,1093,578,60,271.26555254952666
hande,40.0,1390,540,832,566,1101,579,60,269.31394319641157
hande,40.0,1820,540,839,565,1108,579,60,269.3640659033792
hande,40.0,100,980,849,564,1120,578,60,271.3613826615718
hande,40.0,530,980,817,570,1085,581,60,268.2256512714621
hande,40.0,960,980,822,572,1092,584,60,270.266535109325
hande,40.0,1390,980,831,571,1099,584,60,268.31511325305553
hande,40.0,1820,980,842,570,1109,585,60,267.4210163767986
hande,40.0,100,100,813,555,1085,564,60,272.1488563268271
hande,40.0,530,100,815,558,1081,565,60,266.092089322475
hande,40.0,960,100,826,559,1095,569,60,269.1858094328154
hande,40.0,1390,100,836,558,1106,571,60,270.31278179176064
hande,40.0,1820,100,847,559,1119,569,60,272.18376145538144
hande,40.0,100,540,857,556,1128,569,60,271.31162894354526
hande,40.0,530,540,830,564,1094,574,60,264.18932605235966
hande,40.0,960,540,836,565,1105,576,60,269.2248131209306
hande,40.0,1390,540,845,565,1114,578,60,269.31394319641157
hande,40.0,1820,540,859,563,1125,579,60,266.48076853686837
hande,40.0,100,980,840,564,1103,577,60,263.32109676210905
hande,40.0,530,980,836,569,1101,582,60,265.31867631209076
hande,40.0,960,980,844,569,1110,582,60,266.3174797117155
hande,40.0,1390,980,854,567,1118,583,60,264.48440407706465
hande,40.0,1820,980,861,567,1128,583,60,267.47897113605023
hande,40.0,100,100,835,559,1101,572,60,266.3174797117155
hande,40.0,530,100,820,558,1083,569,60,263.2299375071156
hande,40.0,960,100,830,557,1097,569,60,267.2695268825086
hande,40.0,1390,100,842,559,1107,572,60,265.31867631209076
hande,40.0,1820,100,849,558,1117,571,60,268.31511325305553
hande,40.0,100,540,857,559,1126,572,60,269.31394319641157
hande,40.0,530,540,834,566,1096,578,60,262.2746651889961
hande,40.0,960,540,840,563,1106,578,60,266.42259663924904
hande,40.0,1390,540,843,565,1108,579,60,265.3695536417092
hande,40.0,1820,540,853,563,1118,580,60,265.5447231635379
hande,40.0,100,980,862,564,1130,579,60,268.41944787961995
hande,40.0,530,980,839,570,1104,583,60,265.31867631209076
hande,40.0,960,980,841,572,1106,584,60,265.27155897306443
hande,40.0,1390,980,851,571,1117,586,60,266.42259663924904
hande,40.0,1820,980,859,570,1124,586,60,265.48257946614876
hande,40.0,100,100,818,566,1080,572,60,262.0686932847951
hande,40.0,530,100,816,563,1076,566,60,260.0173071162764
hande,40.0,960,100,819,559,1086,565,60,267.0674072214728
hande,40.0,1390,100,826,561,1093,569,60,267.1198233003309
hande,40.0,1820,100,830,559,1098,566,60,268.09140232390894
hande,40.0,100,540,841,559,1112,565,60,271.0664125265246
hande,40.0,530,540,814,566,1077,572,60,263.0684321616716
hande,40.0,960,540,821,566,1086,572,60,265.06791582535976
hande,40.0,1390,540,832,564,1096,572,60,264.12118430750684
hande,40.0,1820,540,837,565,1102,573,60,265.1207272168662
hande,40.0,100,980,846,565,1112,573,60,266.12027356065903
hande,40.0,530,980,820,572,1082,577,60,262.0477055804916
hande,40.0,960,980,827,572,1091,579,60,264.09278672466615
hande,40.0,1390,980,835,572,1097,581,60,262.15453457836657
hande,40.0,1820,980,843,571,1109,581,60,266.1879035568671
hande,40.0,100,100,817,567,1087,575,60,270.1184925176357
hande,40.0,530,100,811,565,1078,570,60,267.0468123756582
hande,40.0,960,100,821,566,1090,575,60,269.15051551130273
hande,40.0,1390,100,829,567,1097,575,60,268.1193763979023
hande,40.0,1820,100,837,568,1107,576,60,270.1184925176357
hande,40.0,100,540,846,567,1118,575,60,272.1176216271192
hande,40.0,530,540,818,572,1082,581,60,264.15336454416024
hande,40.0,960,540,823,573,1092,581,60,269.1189328159578
hande,40.0,1390,540,834,573,1100,582,60,266.1522120892479
hande,40.0,1820,540,843,572,1110,583,60,267.22649569232465
hande,40.0,100,980,851,571,1121,582,60,270.22398117117586
hande,40.0,530,980,823,579,1088,588,60,265.1527861441399
hande,40.0,960,980,828,576,1094,585,60,266.1522120892479
hande,40.0,1390,980,837,576,1103,585,60,266.1522120892479
hande,40.0,1820,980,845,574,1111,587,60,266.3174797117155
hande,40.0,100,100,286,611,581,608,60,295.01525384291574
hande,40.0,530,100,282,609,571,610,60,289.0017300986276
hande,40.0,960,100,294,608,585,611,60,291.0154635066666
hande,40.0,1390,100,300,607,593,610,60,293.01535795927146
hande,40.0,1820,100,306,607,601,609,60,295.006779583114
hande,40.0,100,540,317,606,611,610,60,294.0272096252318
hande,40.0,530,540,292,610,580,615,60,288.0433995077825
hande,40.0,960,540,297,613,587,617,60,290.02758489495443
hande,40.0,1390,540,304,613,595,619,60,291.06184909740404
hande,40.0,1820,540,307,613,600,618,60,293.04265901059523
hande,40.0,100,980,313,613,608,619,60,295.0610106401725
hande,40.0,530,980,287,619,574,627,60,287.1114766079545
hande,40.0,960,980,293,621,584,629,60,291.10994486619654
hande,40.0,1390,980,293,622,583,628,60,290.06206232459976
hande,40.0,1820,980,303,624,596,629,60,293.04265901059523
hande,40.0,100,100,288,616,580,621,60,292.04280508172087
hande,40.0,530,100,288,612,578,618,60,290.06206232459976
hande,40.0,960,100,313,608,606,618,60,293.17059879871994
hande,40.0,1390,100,304,608,598,616,60,294.10882339705483
hande,40.0,1820,100,309,612,607,618,60,298.0603965641863
hande,40.0,100,540,315,611,611,618,60,296.08275870100914
hande,40.0,530,540,290,617,581,625,60,291.10994486619654
hande,40.0,960,540,297,616,588,624,60,291.10994486619654
hande,40.0,1390,540,305,617,596,625,60,291.10994486619654
hande,40.0,1820,540,312,617,606,624,60,294.0833215264001
hande,40.0,100,980,316,618,613,626,60,297.1077245714086
hande,40.0,530,980,293,623,583,631,60,290.1103238424996
hande,40.0,960,980,298,622,590,630,60,292.1095684841563
hande,40.0,1390,980,307,616,596,627,60,289.20926679482454
hande,40.0,1820,980,319,617,611,627,60,292.1711826994579
hande,40.0,100,100,292,614,582,620,60,290.06206232459976
hande,40.0,530,100,294,606,582,615,60,288.1405906844782
hande,40.0,960,100,305,606,595,618,60,290.2481696755382
hande,40.0,1390,100,318,603,610,614,60,292.2071183253413
hande,40.0,1820,100,324,603,620,613,60,296.16887074775434
hande,40.0,100,540,326,606,621,615,60,295.1372562046344
hande,40.0,530,540,296,611,587,623,60,291.247317584214
hande,40.0,960,540,308,611,598,622,60,290.2085457046363
hande,40.0,1390,540,320,610,611,623,60,291.29023327259017
hande,40.0,1820,540,324,611,618,623,60,294.24479604574145
hande,40.0,100,980,329,610,624,622,60,295.24396691549856
hande,40.0,530,980,302,614,590,629,60,288.39036044916617
hande,40.0,960,980,309,616,600,629,60,291.29023327259017
hande,40.0,1390,980,318,619,606,631,60,288.2498915871435
hande,40.0,1820,980,326,616,618,629,60,292.2892403082946
hande,40.0,100,100,310,613,602,621,60,292.1095684841563
hande,40.0,530,100,303,604,590,614,60,287.1741631832502
hande,40.0,960,100,316,604,607,614,60,291.171770609721
hande,40.0,1390,100,330,604,620,616,60,290.2481696755382
hande,40.0,1820,100,341,601,633,613,60,292.24647132172527
hande,40.0,100,540,345,605,640,615,60,295.16944286290885
hande,40.0,530,540,317,608,605,622,60,288.3400769924292
hande,40.0,960,540,325,610,614,624,60,289.33890163612637
hande,40.0,1390,540,331,610,619,624,60,288.3400769924292
hande,40.0,1820,540,339,609,630,623,60,291.3365751154496
hande,40.0,100,980,347,609,640,623,60,293.33428030150174
hande,40.0,530,980,319,615,605,629,60,286.34245231889736
hande,40.0,960,980,324,615,614,630,60,290.38767191463205
hande,40.0,1390,980,326,611,615,624,60,289.29223978530774
hande,40.0,1820,980,340,614,633,629,60,293.38370779578065
hande,40.0,100,100,312,607,601,619,60,289.2490276561012
hande,40.0,530,100,309,605,598,617,60,289.2490276561012
hande,40.0,960,100,321,603,612,616,60,291.29023327259017
hande,40.0,1390,100,331,604,621,618,60,290.33773437154184
hande,40.0,1820,100,337,603,631,615,60,294.24479604574145
hande,40.0,100,540,351,602,644,614,60,293.24563082849164
hande,40.0,530,540,317,610,606,622,60,289.2490276561012
hande,40.0,960,540,327,609,616,623,60,289.33890163612637
hande,40.0,1390,540,338,608,624,622,60,286.34245231889736
hande,40.0,1820,540,342,605,632,618,60,290.2912330746487
hande,40.0,100,980,351,603,642,616,60,291.29023327259017
hande,40.0,530,980,326,612,609,627,60,283.3972476930572
hande,40.0,960,980,327,615,615,630,60,288.39036044916617
hande,40.0,1390,980,332,615,621,630,60,289.3890115398302
hande,40.0,1820,980,337,614,632,630,60,295.4335796757031
hande,40.0,100,100,401,559,676,548,60,275.21991207032966
hande,40.0,530,100,411,551,684,544,60,273.0897288438362
hande,40.0,960,100,426,547,702,546,60,276.0018115882575
hande,40.0,1390,100,403,560,676,555,60,273.045783706689
hande,40.0,1820,100,408,556,683,553,60,275.0163631495406
hande,40.0,100,540,420,553,697,549,60,277.02887936097926
hande,40.0,530,540,415,556,687,558,60,272.0073528417936
hande,40.0,960,540,431,552,703,558,60,272.06616842231597
hande,40.0,1390,540,447,551,719,561,60,272.18376145538144
hande,40.0,1820,540,459,553,732,562,60,273.1483113621609
hande,40.0,100,980,466,552,742,563,60,276.2191159206763
hande,40.0,530,980,434,557,705,567,60,271.1844390815963
hande,40.0,960,980,440,558,715,566,60,275.11633902769205
hande,40.0,1390,980,453,557,724,567,60,271.1844390815963
hande,40.0,1820,980,460,557,734,569,60,274.2626478396211
hande,40.0,100,100,437,552,712,561,60,275.14723331336626
hande,40.0,530,100,432,551,706,558,60,274.0894014733149
hande,40.0,960,100,443,550,718,559,60,275.14723331336626
hande,40.0,1390,100,470,550,745,562,60,275.26169366622736
hande,40.0,1820,100,472,549,750,559,60,278.1797979724624
hande,40.0,100,540,482,548,761,559,60,279.21676167450977
hande,40.0,530,540,453,553,727,564,60,274.2207140243056
hande,40.0,960,540,457,556,733,566,60,276.181100005051
hande,40.0,1390,540,467,554,741,567,60,274.3082208028042
hande,40.0,1820,540,476,553,748,565,60,272.26457720386617
hande,40.0,100,980,478,553,755,565,60,277.25980595823836
hande,40.0,530,980,452,559,724,570,60,272.2223356008834
hande,40.0,960,980,459,559,732,569,60,273.18308878845335
hande,40.0,1390,980,464,559,738,572,60,274.3082208028042
hande,40.0,1820,980,470,559,745,572,60,275.3071012524014
hande,40.0,100,100,438,559,715,565,60,277.0649743291274
hande,40.0,530,100,432,555,706,563,60,274.11676344215067
hande,40.0,960,100,438,553,714,560,60,276.08875384557047
hande,40.0,1390,100,444,550,723,557,60,279.0877998050076
hande,40.0,1820,100,459,550,737,559,60,278.14564530116235
hande,40.0,100,540,466,552,747,560,60,281.1138559374119
hande,40.0,530,540,436,558,712,567,60,276.14670014323906
hande,40.0,960,540,446,559,722,568,60,276.14670014323906
hande,40.0,1390,540,458,559,733,569,60,275.1817581163403
hande,40.0,1820,540,465,557,741,569,60,276.2607463973121
hande,40.0,100,980,468,557,748,568,60,280.2159881234474
hande,40.0,530,980,450,561,725,572,60,275.21991207032966
hande,40.0,960,980,453,563,727,574,60,274.2207140243056
hande,40.0,1390,980,462,562,735,574,60,273.26360899322106
hande,40.0,1820,980,469,563,744,575,60,275.26169366622736
hande,40.0,100,100,447,560,722,568,60,275.11633902769205
hande,40.0,530,100,440,556,717,564,60,277.1154993860863
hande,40.0,960,100,451,556,727,565,60,276.14670014323906
hande,40.0,1390,100,462,555,737,565,60,275.1817581163403
hande,40.0,1820,100,471,554,749,563,60,278.14564530116235
hande,40.0,100,540,477,554,759,563,60,282.14358046923553
hande,40.0,530,540,445,554,719,563,60,274.14777037211155
hande,40.0,960,540,458,557,733,567,60,275.1817581163403
hande,40.0,1390,540,464,556,740,567,60,276.2191159206763
hande,40.0,1820,540,472,557,749,568,60,277.2183255125822
hande,40.0,100,980,475,559,753,568,60,278.14564530116235
hande,40.0,530,980,449,563,720,573,60,271.1844390815963
hande,40.0,960,980,458,563,732,574,60,274.2207140243056
hande,40.0,1390,980,464,563,739,574,60,275.21991207032966
hande,40.0,1820,980,475,562,745,574,60,270.266535109325
hande,40.0,100,100,407,558,680,559,60,273.00183149568795
hande,40.0,530,100,402,555,675,558,60,273.0164830188829
hande,40.0,960,100,406,556,680,559,60,274.0164228654918
hande,40.0,1390,100,411,557,688,559,60,277.0072201225087
hande,40.0,1820,100,419,556,698,558,60,279.00716836669267
hande,40.0,100,540,426,557,705,558,60,279.0017921089397
hande,40.0,530,540,399,563,669,565,60,270.0074073057997
hande,40.0,960,540,410,563,684,566,60,274.0164228654918
hande,40.0,1390,540,421,560,697,567,60,276.08875384557047
hande,40.0,1820,540,438,558,712,566,60,274.11676344215067
hande,40.0,100,980,441,561,721,567,60,280.06427833624196
hande,40.0,530,980,417,567,689,574,60,272.0900586203031
hande,40.0,960,980,427,564,702,572,60,275.11633902769205
hande,40.0,1390,980,431,566,707,574,60,276.1159176867571
hande,40.0,1820,980,440,566,716,574,60,276.1159176867571
hande,40.0,100,100,409,554,683,557,60,274.0164228654918
hande,40.0,530,100,415,551,687,556,60,272.04595200076034
hande,40.0,960,100,430,553,703,560,60,273.0897288438362
hande,40.0,1390,100,443,553,718,560,60,275.0890764825096
hande,40.0,1820,100,453,555,730,562,60,277.0884335370208
hande,40.0,100,540,463,554,743,562,60,280.11426240018557
hande,40.0,530,540,436,561,709,570,60,273.1483113621609
hande,40.0,960,540,442,562,717,571,60,275.14723331336626
hande,40.0,1390,540,450,559,725,570,60,275.21991207032966
hande,40.0,1820,540,461,559,737,571,60,276.2607463973121
hande,40.0,100,980,466,560,746,570,60,280.178514522438
hande,40.0,530,980,440,565,714,577,60,274.2626478396211
hande,40.0,960,980,448,565,723,576,60,275.21991207032966
hande,40.0,1390,980,460,566,733,580,60,273.3587386567329
hande,40.0,1820,980,468,564,740,576,60,272.26457720386617
hande,40.0,100,100,435,557,710,564,60,275.0890764825096
hande,40.0,530,100,434,557,710,562,60,276.04528613979267
hande,40.0,960,100,448,555,721,564,60,273.1483113621609
hande,40.0,1390,100,457,556,732,565,60,275.14723331336626
hande,40.0,1820,100,465,557,743,565,60,278.1150840928985
hande,40.0,100,540,474,557,754,566,60,280.1446055165082
hande,40.0,530,540,447,561,720,572,60,273.22152184628504
hande,40.0,960,540,453,561,726,572,60,273.22152184628504
hande,40.0,1390,540,458,558,733,569,60,275.21991207032966
hande,40.0,1820,540,466,558,740,569,60,274.2207140243056
hande,40.0,100,980,477,559,756,570,60,279.21676167450977
hande,40.0,530,980,447,564,718,576,60,271.26555254952666
hande,40.0,960,980,455,565,728,577,60,273.26360899322106
hande,40.0,1390,980,457,568,733,578,60,276.181100005051
hande,40.0,1820,980,470,566,745,580,60,275.35613303502066
